<?xml version="1.0" encoding="UTF-8" standalone="yes"?>
<addon id="repository.carnamaleon" name="Repositorio [COLOR gold]Carna[/COLOR][COLOR blue]maleon[/COLOR]" version="2.0.1" provider-name="Sotavent0">
    <extension point="xbmc.addon.repository" name="Repositorio Carnamaleon">
        <info>https://raw.githubusercontent.com/sotavent0/Repo/master/Repositorio/addons.xml</info>
        <checksum>https://raw.githubusercontent.com/sotavent0/Repo/master/Repositorio/addons.xml.md5</checksum>
        <datadir zip="true">https://raw.githubusercontent.com/sotavent0/Repo/master/Repositorio/</datadir>
    </extension>
    <extension point="xbmc.addon.metadata">
        <summary>Repositorio para Mi</summary>
        <description></description>
        <disclaimer></disclaimer>
        <platform>all</platform>
    </extension>
</addon>
